<?xml version="1.0" encoding="UTF-8"?>
<project-private xmlns="http://www.netbeans.org/ns/project-private/1">
    <editor-bookmarks xmlns="http://www.netbeans.org/ns/editor-bookmarks/2" lastBookmarkId="0"/>
    <open-files xmlns="http://www.netbeans.org/ns/projectui-open-files/2">
        <group>
            <file>file:/C:/Users/Damian/Documents/NetBeansProjects/codigo/src/p4/Contenedor2.java</file>
            <file>file:/C:/Users/Damian/Documents/NetBeansProjects/codigo/test/p4/ContenedorTest.java</file>
            <file>file:/C:/Users/Damian/Documents/NetBeansProjects/codigo/src/p4/Contenedor.java</file>
        </group>
    </open-files>
</project-private>
